epoch,time,train/box_loss,train/cls_loss,train/dfl_loss,train/angle_loss,metrics/precision(B),metrics/recall(B),metrics/mAP50(B),metrics/mAP50-95(B),val/box_loss,val/cls_loss,val/dfl_loss,val/angle_loss,lr/pg0,lr/pg1,lr/pg2
1,43.6584,2.37134,4.67525,3.18475,0.22031,0.02301,0.62082,0.03357,0.02317,1.19006,3.22062,1.75517,0.1162,0.000175,0.000175,0.000175
2,49.9426,1.20651,2.95123,1.80938,0.08497,0.18082,0.49361,0.24734,0.19658,0.82324,2.73767,1.27508,0.08902,0.000360706,0.000360706,0.000360706
3,56.2392,0.85693,2.03401,1.41789,0.05259,0.24948,0.6806,0.31426,0.25032,0.74479,2.37897,1.25678,0.05179,0.000544555,0.000544555,0.000544555
4,62.2394,0.77838,1.67824,1.33411,0.04146,0.35813,0.69866,0.44285,0.37541,0.5874,2.17241,1.08408,0.04543,0.000726548,0.000726548,0.000726548
5,68.2003,0.71577,1.46793,1.29084,0.03436,0.374,0.65308,0.47197,0.41138,0.48275,1.58226,1.05812,0.03002,0.000906685,0.000906685,0.000906685
6,74.2715,0.68506,1.32394,1.28805,0.03284,0.54723,0.67347,0.53975,0.4607,0.47912,1.45006,1.06373,0.02613,0.00108497,0.00108497,0.00108497
7,80.1734,0.63742,1.23235,1.2461,0.02518,0.46078,0.67243,0.49319,0.42579,0.46066,1.39379,1.07143,0.01761,0.00121287,0.00121287,0.00121287
8,86.2122,0.63294,1.15836,1.21994,0.02318,0.44361,0.68195,0.53763,0.48312,0.44141,1.24591,1.05535,0.01709,0.00120669,0.00120669,0.00120669
9,92.3695,0.62391,1.09988,1.23255,0.02538,0.51866,0.59803,0.5174,0.44877,0.50297,1.31118,1.03751,0.02946,0.0012005,0.0012005,0.0012005
10,98.4441,0.55604,0.99526,1.16684,0.01883,0.40791,0.7082,0.55325,0.49474,0.44656,1.5032,1.0412,0.01681,0.00119431,0.00119431,0.00119431
11,104.391,0.55716,0.99402,1.17287,0.01923,0.45629,0.76142,0.56001,0.50378,0.41446,1.57143,1.01382,0.01656,0.00118812,0.00118812,0.00118812
12,110.501,0.53864,0.96916,1.16354,0.01894,0.50822,0.77117,0.62187,0.55282,0.42432,1.28146,1.01322,0.02076,0.00118194,0.00118194,0.00118194
13,116.493,0.53193,0.9274,1.15084,0.01777,0.56674,0.78536,0.59569,0.54084,0.41394,1.57987,0.98434,0.02243,0.00117575,0.00117575,0.00117575
14,122.553,0.52217,0.91676,1.13908,0.01786,0.51882,0.78047,0.61478,0.57118,0.35391,1.54911,0.97353,0.01014,0.00116956,0.00116956,0.00116956
15,128.66,0.51923,0.82693,1.14931,0.01715,0.50101,0.7363,0.56712,0.50266,0.39903,1.34623,1.00317,0.01846,0.00116337,0.00116337,0.00116337
16,134.812,0.49186,0.8335,1.12598,0.01617,0.53189,0.84105,0.65525,0.61681,0.34183,1.20839,0.93838,0.01091,0.00115719,0.00115719,0.00115719
17,140.729,0.48926,0.78282,1.1069,0.0165,0.54903,0.79766,0.63211,0.58087,0.36257,1.45074,0.95985,0.01697,0.001151,0.001151,0.001151
18,146.76,0.49825,0.8026,1.12199,0.01688,0.56706,0.78222,0.66351,0.63303,0.31405,1.51752,0.93711,0.01064,0.00114481,0.00114481,0.00114481
19,152.629,0.48806,0.79433,1.11615,0.01399,0.56485,0.74077,0.62447,0.57983,0.3838,1.33606,0.98035,0.01324,0.00113863,0.00113863,0.00113863
20,158.597,0.49098,0.81531,1.13662,0.01286,0.59038,0.70284,0.62602,0.566,0.37885,1.36656,0.97088,0.01735,0.00113244,0.00113244,0.00113244
21,164.584,0.48483,0.78012,1.13321,0.01374,0.56315,0.75394,0.64411,0.5958,0.37622,1.26621,0.97076,0.01927,0.00112625,0.00112625,0.00112625
22,170.652,0.46502,0.74143,1.10219,0.01354,0.58768,0.68749,0.62468,0.55086,0.41599,1.21075,1.03215,0.02152,0.00112006,0.00112006,0.00112006
23,176.673,0.47623,0.72008,1.09138,0.014,0.59945,0.77688,0.66477,0.62351,0.32377,1.1073,0.93834,0.00728,0.00111388,0.00111388,0.00111388
24,182.723,0.46853,0.73052,1.09279,0.01206,0.52617,0.82931,0.65291,0.59213,0.38827,1.61173,0.96452,0.01492,0.00110769,0.00110769,0.00110769
25,188.74,0.44719,0.70878,1.07466,0.01026,0.54823,0.79047,0.66072,0.6144,0.33051,1.33137,0.94014,0.01429,0.0011015,0.0011015,0.0011015
26,194.894,0.46492,0.72672,1.10891,0.01416,0.54192,0.77984,0.64461,0.61422,0.31042,1.3581,0.93543,0.00767,0.00109531,0.00109531,0.00109531
27,200.66,0.42312,0.64483,1.06146,0.00894,0.66935,0.78559,0.74079,0.69527,0.33731,1.21475,0.94719,0.01703,0.00108913,0.00108913,0.00108913
28,206.686,0.43304,0.64789,1.09118,0.00911,0.57283,0.76749,0.6915,0.65586,0.32013,1.26952,0.94703,0.01256,0.00108294,0.00108294,0.00108294
29,212.66,0.42097,0.63816,1.07241,0.01041,0.57243,0.7595,0.6845,0.64041,0.35973,1.23843,0.96497,0.01761,0.00107675,0.00107675,0.00107675
30,218.654,0.43798,0.6487,1.08296,0.01224,0.65867,0.7316,0.75434,0.70838,0.33163,1.07863,0.93349,0.01337,0.00107056,0.00107056,0.00107056
31,224.628,0.43678,0.63421,1.08704,0.00909,0.66354,0.76438,0.7232,0.69168,0.30484,1.35593,0.92493,0.00628,0.00106437,0.00106437,0.00106437
32,230.618,0.41724,0.63845,1.06799,0.00845,0.5741,0.87763,0.71045,0.66667,0.30138,1.21879,0.92142,0.01138,0.00105819,0.00105819,0.00105819
33,236.65,0.41479,0.6208,1.05863,0.00993,0.58926,0.78491,0.69307,0.66799,0.29533,1.17263,0.91871,0.00582,0.001052,0.001052,0.001052
34,242.831,0.43842,0.63201,1.07631,0.00943,0.66017,0.74802,0.70128,0.66206,0.33241,1.22589,0.93876,0.01793,0.00104581,0.00104581,0.00104581
35,248.814,0.42541,0.61381,1.06588,0.01016,0.6178,0.77392,0.69903,0.66603,0.31233,1.48516,0.92007,0.01186,0.00103962,0.00103962,0.00103962
36,254.966,0.42363,0.61577,1.05872,0.01035,0.68017,0.79235,0.73615,0.68973,0.32741,1.24872,0.91828,0.0156,0.00103344,0.00103344,0.00103344
37,260.862,0.40998,0.58388,1.05104,0.00899,0.64203,0.772,0.7067,0.6664,0.34517,1.3069,0.95366,0.01933,0.00102725,0.00102725,0.00102725
38,266.917,0.41896,0.58234,1.05861,0.01056,0.67294,0.75699,0.76541,0.7191,0.34866,1.03968,0.9655,0.01998,0.00102106,0.00102106,0.00102106
39,272.954,0.40519,0.56281,1.04681,0.01115,0.64275,0.85152,0.73542,0.68779,0.33341,1.42031,0.93935,0.01927,0.00101488,0.00101488,0.00101488
40,279.168,0.40941,0.57149,1.05712,0.01015,0.64378,0.83557,0.74798,0.7178,0.2984,1.07054,0.91399,0.00773,0.00100869,0.00100869,0.00100869
41,285.057,0.40726,0.5581,1.04983,0.00768,0.64904,0.7906,0.74224,0.70399,0.32357,1.0905,0.91833,0.01213,0.0010025,0.0010025,0.0010025
42,291.04,0.4088,0.56683,1.05128,0.00755,0.69249,0.74887,0.71469,0.67914,0.28344,1.08398,0.89729,0.00827,0.000996313,0.000996313,0.000996313
43,296.991,0.38903,0.53123,1.04157,0.00684,0.65889,0.75331,0.7219,0.69511,0.27687,1.13659,0.90681,0.00723,0.000990125,0.000990125,0.000990125
44,303.136,0.3988,0.55772,1.04094,0.00773,0.663,0.79755,0.73704,0.69717,0.31458,1.25139,0.90494,0.01091,0.000983938,0.000983938,0.000983938
45,309.198,0.39079,0.51181,1.0145,0.00922,0.68612,0.813,0.75548,0.72137,0.29622,1.19493,0.91581,0.01143,0.00097775,0.00097775,0.00097775
46,315.341,0.3858,0.53768,1.03616,0.00697,0.67006,0.7514,0.75104,0.7172,0.31687,1.26632,0.92332,0.01488,0.000971562,0.000971562,0.000971562
47,321.291,0.39415,0.52002,1.04205,0.00658,0.61375,0.84877,0.73689,0.7088,0.28283,1.2429,0.90395,0.00607,0.000965375,0.000965375,0.000965375
48,327.412,0.38941,0.53693,1.03884,0.00714,0.65362,0.77794,0.72838,0.69644,0.30118,1.37983,0.92455,0.00996,0.000959187,0.000959187,0.000959187
49,333.537,0.38677,0.50735,1.0458,0.00664,0.66399,0.77498,0.73951,0.71155,0.28595,1.25913,0.90805,0.00922,0.000953,0.000953,0.000953
50,339.592,0.37918,0.50006,1.03778,0.00614,0.62264,0.80882,0.72425,0.68957,0.28585,1.1638,0.9103,0.00625,0.000946812,0.000946812,0.000946812
51,345.543,0.37909,0.5084,1.03516,0.0051,0.68422,0.82733,0.74686,0.70727,0.28203,1.49583,0.91249,0.01067,0.000940625,0.000940625,0.000940625
52,351.683,0.38266,0.50111,1.04776,0.00664,0.57522,0.86538,0.70108,0.66031,0.333,1.30642,0.9448,0.02286,0.000934438,0.000934438,0.000934438
53,357.577,0.36649,0.49845,1.02605,0.00497,0.59668,0.84297,0.70545,0.6744,0.28671,1.45036,0.92126,0.00876,0.00092825,0.00092825,0.00092825
54,363.617,0.37084,0.51421,1.02315,0.00631,0.67184,0.77417,0.74622,0.71622,0.29115,1.31032,0.90704,0.00699,0.000922063,0.000922063,0.000922063
55,369.628,0.36835,0.48042,1.01388,0.00621,0.60232,0.77992,0.67246,0.64143,0.31869,1.42894,0.9342,0.01816,0.000915875,0.000915875,0.000915875
56,375.691,0.35311,0.47797,1.0063,0.00514,0.67853,0.73518,0.75082,0.71968,0.2762,1.24216,0.90301,0.00604,0.000909688,0.000909688,0.000909688
57,381.705,0.35817,0.4678,1.01745,0.00574,0.65964,0.77166,0.73833,0.71261,0.28138,1.29182,0.91157,0.00924,0.0009035,0.0009035,0.0009035
58,387.663,0.35337,0.48211,1.00069,0.00522,0.63998,0.69745,0.71387,0.6866,0.28252,1.25236,0.90749,0.00762,0.000897313,0.000897313,0.000897313
59,393.734,0.37762,0.48804,1.04401,0.00507,0.64254,0.72962,0.68596,0.65394,0.29835,1.33814,0.9276,0.0102,0.000891125,0.000891125,0.000891125
60,399.794,0.35362,0.45129,1.0115,0.00514,0.61581,0.74709,0.69977,0.67434,0.28184,1.31282,0.91622,0.00934,0.000884938,0.000884938,0.000884938
61,405.781,0.35045,0.45625,1.00799,0.0051,0.56474,0.83528,0.69333,0.66431,0.29071,1.27942,0.91603,0.00879,0.00087875,0.00087875,0.00087875
62,411.914,0.36027,0.43942,1.01714,0.00573,0.65161,0.8005,0.7443,0.7196,0.28168,1.2111,0.91785,0.00943,0.000872563,0.000872563,0.000872563
63,417.939,0.35572,0.44427,1.02896,0.0046,0.6887,0.76513,0.74953,0.71934,0.28617,1.32117,0.9039,0.00464,0.000866375,0.000866375,0.000866375
64,424.005,0.35806,0.45366,1.01173,0.005,0.62854,0.82379,0.72567,0.70297,0.26491,1.31202,0.89005,0.00521,0.000860188,0.000860188,0.000860188
65,430.083,0.34304,0.42018,1.00044,0.00549,0.61759,0.78941,0.7128,0.68775,0.27246,1.39009,0.90312,0.00692,0.000854,0.000854,0.000854
66,436.184,0.3463,0.42935,1.0017,0.00506,0.63203,0.74164,0.69733,0.67279,0.28391,1.313,0.90704,0.00539,0.000847813,0.000847813,0.000847813
67,442.189,0.35451,0.44353,1.02355,0.00512,0.60351,0.81773,0.69442,0.66683,0.28319,1.33554,0.9118,0.00822,0.000841625,0.000841625,0.000841625
68,448.294,0.36535,0.44561,1.02139,0.00573,0.63016,0.77453,0.70129,0.67704,0.2832,1.36349,0.90494,0.00997,0.000835438,0.000835438,0.000835438
69,454.477,0.34857,0.42702,1.00302,0.00472,0.64779,0.82659,0.73885,0.71625,0.28312,1.30972,0.89915,0.01013,0.00082925,0.00082925,0.00082925
70,460.59,0.33717,0.43144,0.99463,0.00475,0.63007,0.83152,0.7267,0.69558,0.29964,1.3144,0.91951,0.01948,0.000823063,0.000823063,0.000823063
71,466.556,0.35296,0.44413,1.01257,0.00572,0.66846,0.75943,0.73572,0.70853,0.27852,1.21349,0.90825,0.01215,0.000816875,0.000816875,0.000816875
72,472.595,0.3434,0.42244,1.02171,0.00439,0.68771,0.75129,0.73766,0.70873,0.28636,1.32654,0.91752,0.01397,0.000810688,0.000810688,0.000810688
73,478.56,0.34745,0.4285,1.01833,0.00458,0.71018,0.73662,0.74217,0.72184,0.28331,1.43942,0.91609,0.01313,0.0008045,0.0008045,0.0008045
74,484.646,0.34565,0.42707,1.01532,0.00553,0.65338,0.80324,0.71042,0.68692,0.29123,1.35554,0.92207,0.01069,0.000798313,0.000798313,0.000798313
75,490.58,0.33634,0.41303,0.99414,0.00411,0.66137,0.76562,0.73474,0.70414,0.28919,1.29301,0.91845,0.01197,0.000792125,0.000792125,0.000792125
76,496.735,0.33862,0.42192,1.01243,0.00461,0.65041,0.73265,0.71557,0.68209,0.31329,1.23554,0.92571,0.0171,0.000785938,0.000785938,0.000785938
77,502.731,0.34389,0.42185,1.01471,0.00433,0.69961,0.74005,0.75767,0.72342,0.27641,1.24521,0.899,0.01113,0.00077975,0.00077975,0.00077975
78,508.803,0.323,0.40627,0.98266,0.00411,0.64907,0.71993,0.70742,0.68262,0.28836,1.57517,0.90716,0.01036,0.000773563,0.000773563,0.000773563
79,514.723,0.33338,0.41558,0.99642,0.00498,0.70726,0.74402,0.7356,0.71192,0.25601,1.44529,0.89,0.00629,0.000767375,0.000767375,0.000767375
80,520.811,0.36302,0.42881,1.031,0.00578,0.70637,0.75379,0.73866,0.71583,0.2884,1.27122,0.89901,0.00942,0.000761188,0.000761188,0.000761188
81,526.801,0.3283,0.39452,0.99044,0.00485,0.71338,0.77873,0.76318,0.729,0.2802,1.19447,0.89771,0.01353,0.000755,0.000755,0.000755
82,532.971,0.33245,0.38617,0.99138,0.00426,0.70752,0.84069,0.76082,0.72639,0.28715,1.42787,0.90051,0.01148,0.000748813,0.000748813,0.000748813
83,539.03,0.31594,0.37277,0.98357,0.00447,0.73291,0.68876,0.74459,0.71502,0.26815,1.2688,0.90149,0.00829,0.000742625,0.000742625,0.000742625
84,545.118,0.31943,0.40247,0.99289,0.00373,0.71274,0.7238,0.71073,0.68888,0.27767,1.37794,0.90839,0.00924,0.000736438,0.000736438,0.000736438
85,551.148,0.32494,0.38353,0.98936,0.00447,0.66934,0.77735,0.72074,0.69708,0.26685,1.23495,0.88353,0.00836,0.00073025,0.00073025,0.00073025
86,557.152,0.33933,0.41253,0.99797,0.00453,0.71924,0.79579,0.72738,0.70495,0.27809,1.16327,0.89309,0.01311,0.000724062,0.000724062,0.000724062
87,563.244,0.33253,0.3978,0.98821,0.00474,0.6852,0.78521,0.73251,0.70895,0.27241,1.31622,0.88702,0.00873,0.000717875,0.000717875,0.000717875
88,569.378,0.32508,0.374,0.99282,0.00381,0.66736,0.77821,0.72477,0.7009,0.28128,1.37151,0.89905,0.01173,0.000711687,0.000711687,0.000711687
89,575.428,0.31739,0.37208,0.97473,0.00399,0.63722,0.72516,0.69318,0.67318,0.28219,1.43664,0.91259,0.00876,0.0007055,0.0007055,0.0007055
90,581.566,0.32627,0.38194,0.98838,0.00477,0.64764,0.80303,0.72441,0.7003,0.26513,1.39925,0.90025,0.00613,0.000699312,0.000699312,0.000699312
91,587.656,0.32755,0.36876,0.9903,0.00459,0.68776,0.72178,0.70948,0.68492,0.26719,1.60056,0.89673,0.00801,0.000693125,0.000693125,0.000693125
92,593.714,0.31186,0.36219,0.96625,0.00404,0.57486,0.83774,0.66407,0.63395,0.28227,1.55989,0.90367,0.0091,0.000686937,0.000686937,0.000686937
93,599.656,0.31356,0.34874,0.98086,0.00413,0.66468,0.77845,0.73241,0.70386,0.26921,1.4183,0.89904,0.00957,0.00068075,0.00068075,0.00068075
94,605.834,0.31548,0.34982,0.97505,0.00374,0.65595,0.78376,0.71925,0.69714,0.25931,1.36891,0.89592,0.00637,0.000674562,0.000674562,0.000674562
95,611.931,0.30961,0.34526,0.97935,0.00418,0.68246,0.81089,0.74141,0.71485,0.27118,1.29305,0.89507,0.01038,0.000668375,0.000668375,0.000668375
96,618.021,0.31027,0.36439,0.97643,0.00343,0.69772,0.79022,0.74136,0.72297,0.25644,1.35502,0.8875,0.00766,0.000662188,0.000662188,0.000662188
97,624.036,0.30622,0.34339,0.97364,0.004,0.69113,0.76966,0.7271,0.69985,0.29198,1.50937,0.90265,0.01506,0.000656,0.000656,0.000656
98,630.015,0.31838,0.37015,0.99388,0.0041,0.70156,0.7219,0.71372,0.69246,0.27285,1.45677,0.89718,0.01019,0.000649813,0.000649813,0.000649813
99,636.063,0.30208,0.35945,0.97222,0.00379,0.62556,0.80426,0.70572,0.68397,0.28535,1.45622,0.90595,0.01334,0.000643625,0.000643625,0.000643625
100,642.237,0.31404,0.36952,0.97617,0.00365,0.67185,0.7705,0.70516,0.682,0.28479,1.30996,0.91241,0.01535,0.000637437,0.000637437,0.000637437
101,648.393,0.30675,0.35099,0.97286,0.00366,0.71722,0.75821,0.73335,0.71068,0.28564,1.37656,0.9074,0.01406,0.00063125,0.00063125,0.00063125
102,654.457,0.30158,0.34235,0.98041,0.0037,0.64103,0.78892,0.71682,0.69701,0.27249,1.45682,0.90161,0.01014,0.000625062,0.000625062,0.000625062
103,660.338,0.31533,0.35391,0.98984,0.00408,0.66955,0.72954,0.70952,0.68239,0.2942,1.36767,0.90713,0.01615,0.000618875,0.000618875,0.000618875
104,666.287,0.31336,0.36672,0.97814,0.00359,0.63648,0.73396,0.70347,0.67873,0.29211,1.34723,0.90737,0.01589,0.000612687,0.000612687,0.000612687
105,672.312,0.31767,0.35936,0.98341,0.00356,0.65877,0.75228,0.72494,0.70318,0.2943,1.45204,0.91421,0.01431,0.0006065,0.0006065,0.0006065
106,678.447,0.31888,0.34809,0.98418,0.00364,0.66381,0.76817,0.73003,0.70465,0.2642,1.43144,0.89367,0.00855,0.000600313,0.000600313,0.000600313
107,684.608,0.30978,0.35763,0.98434,0.00446,0.61723,0.84065,0.74357,0.71841,0.28989,1.39551,0.90785,0.01317,0.000594125,0.000594125,0.000594125
108,690.648,0.29162,0.3394,0.98331,0.00359,0.6316,0.85261,0.72208,0.69516,0.27859,1.40499,0.90117,0.01252,0.000587938,0.000587938,0.000587938
109,696.675,0.299,0.3435,0.96668,0.00351,0.65634,0.76107,0.72798,0.7013,0.26788,1.43552,0.89636,0.01261,0.00058175,0.00058175,0.00058175
110,702.6,0.30681,0.35319,0.98838,0.00353,0.68653,0.70278,0.67474,0.65537,0.27219,1.44739,0.89795,0.00875,0.000575563,0.000575563,0.000575563
111,708.715,0.33053,0.39169,1.00585,0.00455,0.61185,0.75307,0.68046,0.66287,0.26819,1.41972,0.89701,0.00873,0.000569375,0.000569375,0.000569375
112,714.828,0.30417,0.3484,0.98071,0.0032,0.68832,0.75554,0.71102,0.68793,0.26475,1.35686,0.88448,0.00894,0.000563187,0.000563187,0.000563187
113,720.922,0.28799,0.32699,0.97004,0.00305,0.712,0.8112,0.76458,0.74689,0.2656,1.30413,0.88873,0.01074,0.000557,0.000557,0.000557
114,726.966,0.30361,0.35656,0.98706,0.00364,0.67778,0.78437,0.72337,0.71069,0.26267,1.34779,0.88953,0.0101,0.000550813,0.000550813,0.000550813
115,733.065,0.30381,0.34041,0.97685,0.00367,0.67262,0.81191,0.73583,0.70706,0.28319,1.45676,0.90617,0.01377,0.000544625,0.000544625,0.000544625
116,739.17,0.30771,0.34209,0.99407,0.003,0.62284,0.75981,0.6856,0.66076,0.28842,1.52958,0.90995,0.0151,0.000538438,0.000538438,0.000538438
117,745.27,0.29576,0.33513,0.9614,0.00382,0.66613,0.7803,0.69606,0.67698,0.28137,1.52458,0.90236,0.01331,0.00053225,0.00053225,0.00053225
118,751.454,0.28483,0.3332,0.9644,0.00313,0.64285,0.7818,0.68463,0.6641,0.28506,1.49808,0.89758,0.00974,0.000526063,0.000526063,0.000526063
119,757.532,0.28462,0.31568,0.95617,0.00344,0.61765,0.83157,0.68685,0.66345,0.28839,1.5718,0.91227,0.0154,0.000519875,0.000519875,0.000519875
120,763.558,0.29859,0.32559,0.97484,0.00375,0.66253,0.78068,0.70949,0.68655,0.30108,1.48545,0.9096,0.01848,0.000513688,0.000513688,0.000513688
121,769.648,0.29763,0.33326,0.97265,0.00293,0.70559,0.73966,0.7032,0.67808,0.29243,1.43824,0.91554,0.01765,0.0005075,0.0005075,0.0005075
122,775.622,0.2933,0.34237,0.97308,0.00351,0.62984,0.78316,0.673,0.65114,0.29115,1.58629,0.90634,0.01479,0.000501313,0.000501313,0.000501313
123,781.587,0.2941,0.3259,0.97204,0.00369,0.66411,0.754,0.70379,0.67945,0.2606,1.44728,0.88707,0.00913,0.000495125,0.000495125,0.000495125
124,787.664,0.28454,0.30729,0.96451,0.00317,0.6639,0.76282,0.71999,0.69325,0.27768,1.46017,0.90104,0.01708,0.000488938,0.000488938,0.000488938
125,793.861,0.2849,0.31702,0.95764,0.00331,0.63678,0.79394,0.70146,0.67878,0.2847,1.58671,0.91351,0.0162,0.00048275,0.00048275,0.00048275
126,800.046,0.29013,0.32032,0.97418,0.00316,0.64321,0.77855,0.70812,0.68428,0.28545,1.58253,0.89826,0.015,0.000476562,0.000476562,0.000476562
127,806.108,0.3001,0.33091,0.97782,0.00385,0.65363,0.85296,0.71062,0.6868,0.26326,1.58797,0.89098,0.01285,0.000470375,0.000470375,0.000470375
128,812.018,0.2943,0.32546,0.97191,0.00309,0.68884,0.74114,0.72054,0.69471,0.28679,1.47931,0.91023,0.01582,0.000464188,0.000464188,0.000464188
129,818.023,0.28516,0.31312,0.97105,0.00327,0.66713,0.79229,0.72811,0.70423,0.27525,1.38078,0.9107,0.01664,0.000458,0.000458,0.000458
130,824.198,0.27525,0.29887,0.94471,0.00271,0.6633,0.83011,0.72577,0.70626,0.27735,1.50585,0.89846,0.01783,0.000451813,0.000451813,0.000451813
131,830.151,0.27196,0.29348,0.95006,0.00266,0.71958,0.76076,0.72561,0.7019,0.26755,1.65565,0.89391,0.01336,0.000445625,0.000445625,0.000445625
132,836.136,0.28629,0.31506,0.95873,0.00358,0.6736,0.7948,0.73731,0.71198,0.27418,1.56251,0.88958,0.01202,0.000439437,0.000439437,0.000439437
133,842.271,0.28435,0.31631,0.95918,0.00319,0.66988,0.77291,0.71531,0.69073,0.29806,1.51346,0.90913,0.01789,0.00043325,0.00043325,0.00043325
134,848.362,0.27985,0.30254,0.96497,0.00285,0.68147,0.78933,0.72505,0.69961,0.29028,1.47519,0.90596,0.01444,0.000427062,0.000427062,0.000427062
135,854.394,0.28662,0.30691,0.96389,0.00313,0.60262,0.8765,0.73781,0.71609,0.27343,1.39333,0.88973,0.01599,0.000420875,0.000420875,0.000420875
136,860.623,0.27703,0.29459,0.95777,0.0031,0.64641,0.81416,0.71663,0.69816,0.26276,1.4319,0.88152,0.00911,0.000414688,0.000414688,0.000414688
137,866.71,0.27729,0.30191,0.94977,0.00239,0.64783,0.76512,0.69929,0.68415,0.28163,1.52032,0.89543,0.01359,0.0004085,0.0004085,0.0004085
138,872.932,0.27216,0.29581,0.95718,0.00254,0.6663,0.73697,0.71072,0.68927,0.26553,1.5596,0.88661,0.01003,0.000402312,0.000402312,0.000402312
139,879.029,0.27569,0.30404,0.95371,0.00309,0.71882,0.7607,0.71508,0.69507,0.27913,1.51062,0.89822,0.00962,0.000396125,0.000396125,0.000396125
140,885.243,0.28161,0.30623,0.97092,0.00277,0.65411,0.73445,0.6879,0.66643,0.28392,1.48647,0.90097,0.01458,0.000389938,0.000389938,0.000389938
141,891.342,0.28282,0.31111,0.96676,0.0027,0.6507,0.73224,0.67792,0.65688,0.28637,1.45937,0.90305,0.01416,0.00038375,0.00038375,0.00038375
142,897.347,0.27405,0.30205,0.94771,0.00272,0.63525,0.74534,0.67976,0.66248,0.28355,1.69897,0.90601,0.01454,0.000377563,0.000377563,0.000377563
143,903.372,0.27849,0.3006,0.95391,0.00296,0.62879,0.7513,0.70535,0.68514,0.28726,1.52651,0.90272,0.01642,0.000371375,0.000371375,0.000371375
144,909.44,0.27841,0.30167,0.96135,0.00252,0.66401,0.7467,0.71831,0.69755,0.27976,1.46101,0.89767,0.0134,0.000365188,0.000365188,0.000365188
145,915.464,0.28871,0.30075,0.96409,0.00351,0.69058,0.72855,0.70866,0.69223,0.27288,1.40255,0.88992,0.01238,0.000359,0.000359,0.000359
146,921.519,0.26843,0.28022,0.94654,0.00273,0.7215,0.73215,0.70283,0.68567,0.27702,1.44808,0.88636,0.01048,0.000352812,0.000352812,0.000352812
147,927.532,0.27521,0.29179,0.96176,0.00315,0.70608,0.70249,0.71297,0.69779,0.25945,1.49413,0.8846,0.00932,0.000346625,0.000346625,0.000346625
148,933.651,0.26663,0.2775,0.95238,0.00279,0.69375,0.70684,0.71653,0.70046,0.26338,1.52098,0.88775,0.01085,0.000340438,0.000340438,0.000340438
149,939.711,0.27117,0.28396,0.95244,0.00234,0.712,0.72828,0.72967,0.71439,0.27019,1.43198,0.89166,0.00938,0.00033425,0.00033425,0.00033425
150,945.834,0.28174,0.30546,0.96948,0.00273,0.7254,0.72041,0.7177,0.70029,0.28245,1.48762,0.89938,0.01493,0.000328063,0.000328063,0.000328063
151,951.907,0.27368,0.28946,0.95213,0.00327,0.6768,0.74735,0.72501,0.70709,0.27745,1.56567,0.89626,0.01481,0.000321875,0.000321875,0.000321875
152,957.931,0.26431,0.28159,0.95242,0.00249,0.72004,0.7219,0.73399,0.71622,0.26504,1.37409,0.88502,0.01084,0.000315687,0.000315687,0.000315687
153,964.116,0.27947,0.29778,0.96747,0.0031,0.64585,0.80893,0.71624,0.69726,0.26322,1.52115,0.88077,0.01048,0.0003095,0.0003095,0.0003095
154,970.097,0.26388,0.28035,0.95046,0.00275,0.63072,0.8211,0.7145,0.69483,0.27543,1.4247,0.89771,0.01303,0.000303313,0.000303313,0.000303313
155,976.131,0.25579,0.27684,0.93964,0.00287,0.65454,0.80325,0.72901,0.70141,0.28127,1.45071,0.90569,0.01382,0.000297125,0.000297125,0.000297125
156,982.289,0.26251,0.28013,0.95196,0.00238,0.73188,0.75482,0.74151,0.71866,0.29059,1.39623,0.90101,0.01618,0.000290937,0.000290937,0.000290937
157,988.24,0.25991,0.28773,0.93906,0.0024,0.63607,0.83,0.73417,0.71385,0.25977,1.39668,0.88692,0.01016,0.00028475,0.00028475,0.00028475
158,994.209,0.2693,0.28855,0.95128,0.00212,0.69151,0.7959,0.74242,0.72179,0.26575,1.5421,0.88957,0.01044,0.000278562,0.000278562,0.000278562
159,1000.14,0.26422,0.28447,0.95187,0.00258,0.66258,0.80636,0.74104,0.72312,0.27122,1.49344,0.89203,0.01503,0.000272375,0.000272375,0.000272375
160,1006.32,0.26597,0.28364,0.94749,0.00216,0.66255,0.75005,0.71283,0.69345,0.27218,1.45523,0.89047,0.01463,0.000266187,0.000266187,0.000266187
161,1012.37,0.25656,0.26693,0.94193,0.00203,0.73008,0.68148,0.73856,0.7185,0.26951,1.39342,0.88688,0.0141,0.00026,0.00026,0.00026
162,1018.55,0.25298,0.26887,0.94162,0.00261,0.65735,0.7987,0.74448,0.72433,0.28002,1.40184,0.89753,0.01502,0.000253812,0.000253812,0.000253812
163,1024.54,0.26229,0.27915,0.94431,0.00285,0.71766,0.73721,0.7405,0.72066,0.2794,1.45128,0.90548,0.01359,0.000247625,0.000247625,0.000247625
164,1030.7,0.26668,0.29358,0.95255,0.00259,0.66074,0.80835,0.73357,0.71215,0.27978,1.46247,0.90381,0.01409,0.000241438,0.000241438,0.000241438
165,1036.72,0.26779,0.28843,0.97224,0.00418,0.70935,0.73001,0.73103,0.70886,0.28661,1.5582,0.90637,0.01503,0.00023525,0.00023525,0.00023525
166,1042.81,0.26515,0.28821,0.94562,0.00241,0.72606,0.69921,0.71176,0.68846,0.28107,1.51223,0.90274,0.01453,0.000229063,0.000229063,0.000229063
167,1048.85,0.26172,0.27567,0.96323,0.00251,0.75199,0.72661,0.73604,0.71373,0.28451,1.44572,0.90279,0.0148,0.000222875,0.000222875,0.000222875
168,1054.91,0.25784,0.26843,0.94105,0.00237,0.72164,0.76312,0.7447,0.72299,0.28291,1.46121,0.89953,0.01656,0.000216688,0.000216688,0.000216688
169,1060.88,0.25271,0.26587,0.94946,0.00259,0.72689,0.72352,0.73861,0.71519,0.28725,1.47593,0.90792,0.01774,0.0002105,0.0002105,0.0002105
170,1067.08,0.25042,0.26362,0.9296,0.00193,0.71396,0.7153,0.72985,0.70708,0.27729,1.54004,0.89727,0.01387,0.000204313,0.000204313,0.000204313
171,1073.09,0.26774,0.28365,0.97654,0.00286,0.62745,0.80735,0.73206,0.71283,0.26808,1.48886,0.89392,0.01107,0.000198125,0.000198125,0.000198125
172,1079.33,0.26037,0.27331,0.95535,0.00297,0.65489,0.77473,0.73921,0.71566,0.27789,1.51948,0.89387,0.01575,0.000191938,0.000191938,0.000191938
173,1085.4,0.25665,0.27407,0.95234,0.00231,0.68676,0.70686,0.72447,0.70272,0.26531,1.58095,0.89155,0.01246,0.00018575,0.00018575,0.00018575
174,1091.53,0.25877,0.26972,0.95159,0.00294,0.692,0.7065,0.7202,0.69905,0.25965,1.57546,0.88784,0.0104,0.000179563,0.000179563,0.000179563
175,1097.5,0.24913,0.26303,0.9365,0.00239,0.7182,0.72358,0.72875,0.70639,0.26724,1.5465,0.88888,0.01183,0.000173375,0.000173375,0.000173375
176,1103.61,0.24626,0.2636,0.93142,0.00244,0.72286,0.76601,0.74404,0.71962,0.27244,1.48106,0.8974,0.01294,0.000167188,0.000167188,0.000167188
177,1109.6,0.24872,0.26028,0.93629,0.00248,0.74197,0.71634,0.74389,0.72007,0.27006,1.43366,0.89609,0.01275,0.000161,0.000161,0.000161
178,1115.68,0.25356,0.26994,0.94736,0.00207,0.65736,0.79044,0.72491,0.70564,0.26605,1.53622,0.89451,0.01203,0.000154812,0.000154812,0.000154812
179,1121.75,0.25103,0.26773,0.95404,0.00204,0.71038,0.71711,0.71388,0.69418,0.2683,1.53502,0.89301,0.01217,0.000148625,0.000148625,0.000148625
180,1127.65,0.24556,0.25717,0.94214,0.00186,0.69831,0.73889,0.71945,0.70081,0.26864,1.51062,0.89393,0.01146,0.000142437,0.000142437,0.000142437
181,1133.64,0.24845,0.26719,0.93961,0.00234,0.69517,0.75229,0.72644,0.70843,0.26261,1.51944,0.89435,0.01104,0.00013625,0.00013625,0.00013625
182,1139.79,0.25043,0.26142,0.93712,0.00227,0.67978,0.75218,0.72113,0.70248,0.26526,1.56572,0.89405,0.01054,0.000130062,0.000130062,0.000130062
183,1145.92,0.25689,0.26945,0.96335,0.00249,0.70245,0.72374,0.72016,0.70143,0.27507,1.58855,0.89976,0.01223,0.000123875,0.000123875,0.000123875
184,1152.08,0.24006,0.25508,0.92815,0.0021,0.72685,0.71332,0.72922,0.70814,0.27177,1.5061,0.89695,0.0123,0.000117687,0.000117687,0.000117687
185,1158.06,0.25092,0.26364,0.93737,0.00285,0.70674,0.73671,0.73856,0.72028,0.26841,1.48903,0.89339,0.01187,0.0001115,0.0001115,0.0001115
186,1164.05,0.24206,0.2518,0.93807,0.00222,0.67854,0.77466,0.731,0.71058,0.26904,1.4856,0.89246,0.01156,0.000105312,0.000105312,0.000105312
187,1170.22,0.24272,0.25973,0.93742,0.00254,0.69889,0.75812,0.72762,0.70608,0.26953,1.50738,0.89491,0.01272,9.9125e-05,9.9125e-05,9.9125e-05
188,1176.28,0.25444,0.2694,0.96016,0.00241,0.70458,0.75925,0.73002,0.70708,0.26493,1.48972,0.89121,0.01373,9.29375e-05,9.29375e-05,9.29375e-05
189,1182.31,0.25413,0.25851,0.95681,0.00201,0.71476,0.73167,0.73448,0.71356,0.2684,1.48381,0.89468,0.01211,8.675e-05,8.675e-05,8.675e-05
190,1188.33,0.23812,0.25183,0.93477,0.0024,0.71716,0.75325,0.73736,0.71569,0.26642,1.48368,0.89266,0.01045,8.05625e-05,8.05625e-05,8.05625e-05
191,1199.31,0.15887,0.1722,0.83605,0.00108,0.7158,0.75067,0.73973,0.71985,0.26892,1.4547,0.89402,0.0103,7.4375e-05,7.4375e-05,7.4375e-05
192,1205.71,0.15225,0.16512,0.82656,0.00087,0.7176,0.76625,0.7427,0.72319,0.2601,1.43856,0.88866,0.00951,6.81875e-05,6.81875e-05,6.81875e-05
193,1211.95,0.15104,0.15719,0.82309,0.00109,0.6975,0.77328,0.74914,0.72914,0.2667,1.43071,0.89091,0.01124,6.2e-05,6.2e-05,6.2e-05
194,1217.93,0.15703,0.15793,0.82777,0.00119,0.71935,0.75655,0.75041,0.72886,0.26735,1.44201,0.89207,0.01252,5.58125e-05,5.58125e-05,5.58125e-05
195,1223.79,0.16017,0.17883,0.83184,0.00143,0.64927,0.82181,0.74497,0.72559,0.27095,1.47065,0.89806,0.01353,4.9625e-05,4.9625e-05,4.9625e-05
196,1229.65,0.15115,0.16068,0.82029,0.00113,0.66673,0.81203,0.73926,0.71862,0.27904,1.46624,0.90133,0.01813,4.34375e-05,4.34375e-05,4.34375e-05
197,1235.5,0.14997,0.15317,0.82458,0.00094,0.66699,0.79308,0.73617,0.71401,0.2784,1.44759,0.90043,0.017,3.725e-05,3.725e-05,3.725e-05
198,1241.43,0.14582,0.14824,0.8183,0.0008,0.64703,0.80008,0.73806,0.71594,0.27199,1.43587,0.89805,0.01521,3.10625e-05,3.10625e-05,3.10625e-05
199,1247.36,0.15015,0.16362,0.82588,0.00098,0.64001,0.79662,0.74016,0.71884,0.27119,1.43381,0.89703,0.01402,2.4875e-05,2.4875e-05,2.4875e-05
200,1253.28,0.15236,0.16473,0.82251,0.00115,0.63108,0.80197,0.73696,0.71603,0.26977,1.44464,0.89724,0.01321,1.86875e-05,1.86875e-05,1.86875e-05
